session_id,condition_label,point_index,repeat_index,scan_direction,pan_deg,tilt_deg,tof_mm,range_status,signal_rate_kcps,ambient_rate_kcps,sigma_mm,corrected_mm,inference_us,ina_bus_V,ina_current_mA,ina_power_mW,x,y,z,env_temp_C,humidity_pct
1,20-160,1,1,forward,20,170,289,0,9800,384,-1.00,289.00,1,-1.000,-1.00,-1.00,47.16,17.16,284.61,31.90,69.00
1,20-160,2,1,forward,21,170,2518,0,1080,440,-1.00,2518.00,1,-1.000,-1.00,-1.00,408.20,156.70,2479.75,31.90,69.00
1,20-160,3,1,forward,22,170,2321,0,1208,448,-1.00,2321.00,1,-1.000,-1.00,-1.00,373.69,150.98,2285.74,31.90,69.00
1,20-160,4,1,forward,23,170,2147,0,1392,416,-1.00,2147.00,1,-1.000,-1.00,-1.00,343.19,145.67,2114.38,31.90,69.00
1,20-160,5,1,forward,24,170,2355,0,2184,384,-1.00,2355.00,1,-1.000,-1.00,-1.00,373.59,166.33,2319.22,31.90,69.00
1,20-160,6,1,forward,25,170,2616,0,1664,384,-1.00,2616.00,1,-1.000,-1.00,-1.00,411.70,191.98,2576.26,31.90,69.00
1,20-160,7,1,forward,26,170,270,0,15448,400,-1.00,270.00,1,-1.000,-1.00,-1.00,42.14,20.55,265.90,31.90,69.00
1,20-160,8,1,forward,27,170,106,0,18688,72,-1.00,106.00,1,-1.000,-1.00,-1.00,16.40,8.36,104.39,31.90,69.00
1,20-160,9,1,forward,28,170,107,0,19584,80,-1.00,107.00,1,-1.000,-1.00,-1.00,16.41,8.72,105.37,31.90,69.00
1,20-160,10,1,forward,29,170,107,0,20640,88,-1.00,107.00,1,-1.000,-1.00,-1.00,16.25,9.01,105.37,31.90,69.00
1,20-160,11,1,forward,30,170,108,0,19744,72,-1.00,108.00,1,-1.000,-1.00,-1.00,16.24,9.38,106.36,31.90,69.00
1,20-160,12,1,forward,31,170,109,0,19736,48,-1.00,109.00,1,-1.000,-1.00,-1.00,16.22,9.75,107.34,31.90,69.00
1,20-160,13,1,forward,32,170,109,0,20288,72,-1.00,109.00,1,-1.000,-1.00,-1.00,16.05,10.03,107.34,31.90,69.00
1,20-160,14,1,forward,33,170,103,0,19864,48,-1.00,103.00,1,-1.000,-1.00,-1.00,15.00,9.74,101.44,31.90,69.00
1,20-160,15,1,forward,34,170,108,0,20528,80,-1.00,108.00,1,-1.000,-1.00,-1.00,15.55,10.49,106.36,31.90,69.00
1,20-160,16,1,forward,35,170,110,0,20736,56,-1.00,110.00,1,-1.000,-1.00,-1.00,15.65,10.96,108.33,31.90,69.00
1,20-160,17,1,forward,36,170,110,0,20440,40,-1.00,110.00,1,-1.000,-1.00,-1.00,15.45,11.23,108.33,31.90,69.00
1,20-160,18,1,forward,37,170,108,0,19912,72,-1.00,108.00,1,-1.000,-1.00,-1.00,14.98,11.29,106.36,31.90,69.00
1,20-160,19,1,forward,38,170,112,0,14256,40,-1.00,112.00,1,-1.000,-1.00,-1.00,15.33,11.97,110.30,31.90,69.00
1,20-160,20,1,forward,39,170,114,0,14336,48,-1.00,114.00,1,-1.000,-1.00,-1.00,15.38,12.46,112.27,31.90,69.00
1,20-160,21,1,forward,40,170,114,0,15008,48,-1.00,114.00,1,-1.000,-1.00,-1.00,15.16,12.72,112.27,31.90,69.00
1,20-160,22,1,forward,41,170,110,0,15000,48,-1.00,110.00,1,-1.000,-1.00,-1.00,14.42,12.53,108.33,31.90,69.00
1,20-160,23,1,forward,42,170,108,0,15448,72,-1.00,108.00,1,-1.000,-1.00,-1.00,13.94,12.55,106.36,31.90,69.00
1,20-160,24,1,forward,43,170,106,0,15216,64,-1.00,106.00,1,-1.000,-1.00,-1.00,13.46,12.55,104.39,31.90,69.00
1,20-160,25,1,forward,44,170,105,0,15072,48,-1.00,105.00,1,-1.000,-1.00,-1.00,13.12,12.67,103.40,31.90,69.00
1,20-160,26,1,forward,45,170,103,0,16456,40,-1.00,103.00,1,-1.000,-1.00,-1.00,12.65,12.65,101.44,31.90,69.00
1,20-160,27,1,forward,46,170,103,0,16040,64,-1.00,103.00,1,-1.000,-1.00,-1.00,12.42,12.87,101.44,31.90,69.00
1,20-160,28,1,forward,47,170,108,0,14352,48,-1.00,108.00,1,-1.000,-1.00,-1.00,12.79,13.72,106.36,31.90,69.00
1,20-160,29,1,forward,48,170,112,0,20360,56,-1.00,112.00,1,-1.000,-1.00,-1.00,13.01,14.45,110.30,31.90,69.00
1,20-160,30,1,forward,49,170,109,0,20528,48,-1.00,109.00,1,-1.000,-1.00,-1.00,12.42,14.28,107.34,31.90,69.00
1,20-160,31,1,forward,50,170,110,0,20320,56,-1.00,110.00,1,-1.000,-1.00,-1.00,12.28,14.63,108.33,31.90,69.00
1,20-160,32,1,forward,51,170,106,0,14928,48,-1.00,106.00,1,-1.000,-1.00,-1.00,11.58,14.30,104.39,31.90,69.00
1,20-160,33,1,forward,52,170,106,0,14968,48,-1.00,106.00,1,-1.000,-1.00,-1.00,11.33,14.50,104.39,31.90,69.00
1,20-160,34,1,forward,53,170,115,0,14296,56,-1.00,115.00,1,-1.000,-1.00,-1.00,12.02,15.95,113.25,31.90,69.00
1,20-160,35,1,forward,54,170,110,0,14256,72,-1.00,110.00,1,-1.000,-1.00,-1.00,11.23,15.45,108.33,31.90,69.00
1,20-160,36,1,forward,55,170,108,0,14856,48,-1.00,108.00,1,-1.000,-1.00,-1.00,10.76,15.36,106.36,31.90,69.00
1,20-160,37,1,forward,56,170,110,0,14728,56,-1.00,110.00,1,-1.000,-1.00,-1.00,10.68,15.84,108.33,31.90,69.00
1,20-160,38,1,forward,57,170,109,0,15352,48,-1.00,109.00,1,-1.000,-1.00,-1.00,10.31,15.87,107.34,31.90,69.00
1,20-160,39,1,forward,58,170,108,0,15504,40,-1.00,108.00,1,-1.000,-1.00,-1.00,9.94,15.90,106.36,31.90,69.00
1,20-160,40,1,forward,59,170,107,0,15120,48,-1.00,107.00,1,-1.000,-1.00,-1.00,9.57,15.93,105.37,31.90,69.00
1,20-160,41,1,forward,60,170,108,0,15264,56,-1.00,108.00,1,-1.000,-1.00,-1.00,9.38,16.24,106.36,31.90,69.00
1,20-160,42,1,forward,61,170,108,0,15336,56,-1.00,108.00,1,-1.000,-1.00,-1.00,9.09,16.40,106.36,31.90,69.00
1,20-160,43,1,forward,62,170,107,0,15664,56,-1.00,107.00,1,-1.000,-1.00,-1.00,8.72,16.41,105.37,31.90,69.00
1,20-160,44,1,forward,63,170,106,0,15288,56,-1.00,106.00,1,-1.000,-1.00,-1.00,8.36,16.40,104.39,31.90,69.00
1,20-160,45,1,forward,64,170,104,0,15672,56,-1.00,104.00,1,-1.000,-1.00,-1.00,7.92,16.23,102.42,31.90,69.00
1,20-160,46,1,forward,65,170,108,0,15744,48,-1.00,108.00,1,-1.000,-1.00,-1.00,7.93,17.00,106.36,31.90,69.00
1,20-160,47,1,forward,66,170,109,0,15544,56,-1.00,109.00,1,-1.000,-1.00,-1.00,7.70,17.29,107.34,31.90,69.00
1,20-160,48,1,forward,67,170,108,0,15536,64,-1.00,108.00,1,-1.000,-1.00,-1.00,7.33,17.26,106.36,31.90,69.00
1,20-160,49,1,forward,68,170,106,0,16536,40,-1.00,106.00,1,-1.000,-1.00,-1.00,6.90,17.07,104.39,31.90,69.00
1,20-160,50,1,forward,69,170,104,0,16224,48,-1.00,104.00,1,-1.000,-1.00,-1.00,6.47,16.86,102.42,31.90,69.00
1,20-160,51,1,forward,70,170,103,0,16248,40,-1.00,103.00,1,-1.000,-1.00,-1.00,6.12,16.81,101.44,31.90,69.00
1,20-160,52,1,forward,71,170,106,0,16208,40,-1.00,106.00,1,-1.000,-1.00,-1.00,5.99,17.40,104.39,31.90,69.00
1,20-160,53,1,forward,72,170,103,0,15992,40,-1.00,103.00,1,-1.000,-1.00,-1.00,5.53,17.01,101.44,31.90,69.00
1,20-160,54,1,forward,73,170,100,0,16544,56,-1.00,100.00,1,-1.000,-1.00,-1.00,5.08,16.61,98.48,31.90,69.00
1,20-160,55,1,forward,74,170,105,0,16448,48,-1.00,105.00,1,-1.000,-1.00,-1.00,5.03,17.53,103.40,31.90,69.00
1,20-160,56,1,forward,75,170,103,0,16704,40,-1.00,103.00,1,-1.000,-1.00,-1.00,4.63,17.28,101.44,31.90,69.00
1,20-160,57,1,forward,76,170,109,0,16608,48,-1.00,109.00,1,-1.000,-1.00,-1.00,4.58,18.37,107.34,31.90,69.00
1,20-160,58,1,forward,77,170,102,0,16496,56,-1.00,102.00,1,-1.000,-1.00,-1.00,3.98,17.26,100.45,31.90,69.00
1,20-160,59,1,forward,78,170,106,0,16416,48,-1.00,106.00,1,-1.000,-1.00,-1.00,3.83,18.00,104.39,31.90,69.00
1,20-160,60,1,forward,79,170,104,0,16448,56,-1.00,104.00,1,-1.000,-1.00,-1.00,3.45,17.73,102.42,31.90,69.00
1,20-160,61,1,forward,80,170,108,0,16776,48,-1.00,108.00,1,-1.000,-1.00,-1.00,3.26,18.47,106.36,31.90,69.00
1,20-160,62,1,forward,81,170,108,0,16944,48,-1.00,108.00,1,-1.000,-1.00,-1.00,2.93,18.52,106.36,31.90,69.00
1,20-160,63,1,forward,82,170,107,0,16920,56,-1.00,107.00,1,-1.000,-1.00,-1.00,2.59,18.40,105.37,31.90,69.00
1,20-160,64,1,forward,83,170,101,0,16736,56,-1.00,101.00,1,-1.000,-1.00,-1.00,2.14,17.41,99.47,31.90,69.00
1,20-160,65,1,forward,84,170,106,0,16832,56,-1.00,106.00,1,-1.000,-1.00,-1.00,1.92,18.31,104.39,31.90,69.00
1,20-160,66,1,forward,85,170,104,0,16784,40,-1.00,104.00,1,-1.000,-1.00,-1.00,1.57,17.99,102.42,31.90,69.00
1,20-160,67,1,forward,86,170,101,0,17024,56,-1.00,101.00,1,-1.000,-1.00,-1.00,1.22,17.50,99.47,31.90,69.00
1,20-160,68,1,forward,87,170,105,0,17264,56,-1.00,105.00,1,-1.000,-1.00,-1.00,0.95,18.21,103.40,31.90,69.00
1,20-160,69,1,forward,88,170,107,0,17432,56,-1.00,107.00,1,-1.000,-1.00,-1.00,0.65,18.57,105.37,31.90,69.00
1,20-160,70,1,forward,89,170,106,0,17136,56,-1.00,106.00,1,-1.000,-1.00,-1.00,0.32,18.40,104.39,31.90,69.00
1,20-160,71,1,forward,90,170,103,0,17024,48,-1.00,103.00,1,-1.000,-1.00,-1.00,-0.00,17.89,101.44,31.90,69.00
1,20-160,72,1,forward,91,170,99,0,17216,32,-1.00,99.00,1,-1.000,-1.00,-1.00,-0.30,17.19,97.50,31.90,69.00
1,20-160,73,1,forward,92,170,106,0,16856,56,-1.00,106.00,1,-1.000,-1.00,-1.00,-0.64,18.40,104.39,31.90,69.00
1,20-160,74,1,forward,93,170,108,0,16968,48,-1.00,108.00,1,-1.000,-1.00,-1.00,-0.98,18.73,106.36,31.90,69.00
1,20-160,75,1,forward,94,170,99,0,17992,48,-1.00,99.00,1,-1.000,-1.00,-1.00,-1.20,17.15,97.50,31.90,69.00
1,20-160,76,1,forward,95,170,97,0,17728,48,-1.00,97.00,1,-1.000,-1.00,-1.00,-1.47,16.78,95.53,31.90,69.00
1,20-160,77,1,forward,96,170,101,0,18152,56,-1.00,101.00,1,-1.000,-1.00,-1.00,-1.83,17.44,99.47,31.90,69.00
1,20-160,78,1,forward,97,170,102,0,18272,48,-1.00,102.00,1,-1.000,-1.00,-1.00,-2.16,17.58,100.45,31.90,69.00
1,20-160,79,1,forward,98,170,97,0,18464,56,-1.00,97.00,1,-1.000,-1.00,-1.00,-2.34,16.68,95.53,31.90,69.00
1,20-160,80,1,forward,99,170,100,0,18488,56,-1.00,100.00,1,-1.000,-1.00,-1.00,-2.72,17.15,98.48,31.90,69.00
1,20-160,81,1,forward,100,170,93,0,18640,40,-1.00,93.00,1,-1.000,-1.00,-1.00,-2.80,15.90,91.59,31.90,69.00
1,20-160,82,1,forward,101,170,101,0,19216,48,-1.00,101.00,1,-1.000,-1.00,-1.00,-3.35,17.22,99.47,31.90,69.00
1,20-160,83,1,forward,102,170,97,0,19744,40,-1.00,97.00,1,-1.000,-1.00,-1.00,-3.50,16.48,95.53,31.90,69.00
1,20-160,84,1,forward,103,170,100,0,20000,56,-1.00,100.00,1,-1.000,-1.00,-1.00,-3.91,16.92,98.48,31.90,69.00
1,20-160,85,1,forward,104,170,100,0,19816,48,-1.00,100.00,1,-1.000,-1.00,-1.00,-4.20,16.85,98.48,31.90,69.00
1,20-160,86,1,forward,105,170,98,0,20064,48,-1.00,98.00,1,-1.000,-1.00,-1.00,-4.40,16.44,96.51,31.90,69.00
1,20-160,87,1,forward,106,170,100,0,19864,48,-1.00,100.00,1,-1.000,-1.00,-1.00,-4.79,16.69,98.48,31.90,69.00
1,20-160,88,1,forward,107,170,93,0,20424,48,-1.00,93.00,1,-1.000,-1.00,-1.00,-4.72,15.44,91.59,31.90,69.00
1,20-160,89,1,forward,108,170,97,0,20544,40,-1.00,97.00,1,-1.000,-1.00,-1.00,-5.21,16.02,95.53,31.90,69.00
1,20-160,90,1,forward,109,170,99,0,20144,40,-1.00,99.00,1,-1.000,-1.00,-1.00,-5.60,16.25,97.50,31.90,69.00
1,20-160,91,1,forward,110,170,95,0,19032,48,-1.00,95.00,1,-1.000,-1.00,-1.00,-5.64,15.50,93.56,31.90,69.00
1,20-160,92,1,forward,111,170,97,0,19080,32,-1.00,97.00,1,-1.000,-1.00,-1.00,-6.04,15.73,95.53,31.90,69.00
1,20-160,93,1,forward,112,170,92,0,19448,48,-1.00,92.00,1,-1.000,-1.00,-1.00,-5.98,14.81,90.60,31.90,69.00
1,20-160,94,1,forward,113,170,96,0,19264,40,-1.00,96.00,1,-1.000,-1.00,-1.00,-6.51,15.35,94.54,31.90,69.00
1,20-160,95,1,forward,114,170,98,0,19336,48,-1.00,98.00,1,-1.000,-1.00,-1.00,-6.92,15.55,96.51,31.90,69.00
1,20-160,96,1,forward,115,170,98,0,19688,32,-1.00,98.00,1,-1.000,-1.00,-1.00,-7.19,15.42,96.51,31.90,69.00
1,20-160,97,1,forward,116,170,101,0,19568,32,-1.00,101.00,1,-1.000,-1.00,-1.00,-7.69,15.76,99.47,31.90,69.00
1,20-160,98,1,forward,117,170,94,0,19264,40,-1.00,94.00,1,-1.000,-1.00,-1.00,-7.41,14.54,92.57,31.90,69.00
1,20-160,99,1,forward,118,170,95,0,19640,32,-1.00,95.00,1,-1.000,-1.00,-1.00,-7.74,14.57,93.56,31.90,69.00
1,20-160,100,1,forward,119,170,99,0,19136,48,-1.00,99.00,1,-1.000,-1.00,-1.00,-8.33,15.04,97.50,31.90,69.00
1,20-160,101,1,forward,120,170,98,0,19568,56,-1.00,98.00,1,-1.000,-1.00,-1.00,-8.51,14.74,96.51,31.90,69.00
1,20-160,102,1,forward,121,170,93,0,19984,40,-1.00,93.00,1,-1.000,-1.00,-1.00,-8.32,13.84,91.59,31.90,69.00
1,20-160,103,1,forward,122,170,95,0,19992,48,-1.00,95.00,1,-1.000,-1.00,-1.00,-8.74,13.99,93.56,31.90,69.00
1,20-160,104,1,forward,123,170,92,0,19608,48,-1.00,92.00,1,-1.000,-1.00,-1.00,-8.70,13.40,90.60,31.90,69.00
1,20-160,105,1,forward,124,170,95,0,19624,24,-1.00,95.00,1,-1.000,-1.00,-1.00,-9.22,13.68,93.56,31.90,69.00
1,20-160,106,1,forward,125,170,96,0,19792,48,-1.00,96.00,1,-1.000,-1.00,-1.00,-9.56,13.66,94.54,31.90,69.00
1,20-160,107,1,forward,126,170,96,0,20152,40,-1.00,96.00,1,-1.000,-1.00,-1.00,-9.80,13.49,94.54,31.90,69.00
1,20-160,108,1,forward,127,170,95,0,19776,32,-1.00,95.00,1,-1.000,-1.00,-1.00,-9.93,13.17,93.56,31.90,69.00
1,20-160,109,1,forward,128,170,91,0,19760,48,-1.00,91.00,1,-1.000,-1.00,-1.00,-9.73,12.45,89.62,31.90,69.00
1,20-160,110,1,forward,129,170,97,0,20408,48,-1.00,97.00,1,-1.000,-1.00,-1.00,-10.60,13.09,95.53,31.90,69.00
1,20-160,111,1,forward,130,170,96,0,20024,48,-1.00,96.00,1,-1.000,-1.00,-1.00,-10.72,12.77,94.54,31.90,69.00
1,20-160,112,1,forward,131,170,96,0,20064,40,-1.00,96.00,1,-1.000,-1.00,-1.00,-10.94,12.58,94.54,31.90,69.00
1,20-160,113,1,forward,132,170,94,0,19816,32,-1.00,94.00,1,-1.000,-1.00,-1.00,-10.92,12.13,92.57,31.90,69.00
1,20-160,114,1,forward,133,170,97,0,19992,32,-1.00,97.00,1,-1.000,-1.00,-1.00,-11.49,12.32,95.53,31.90,69.00
1,20-160,115,1,forward,134,170,96,0,19992,32,-1.00,96.00,1,-1.000,-1.00,-1.00,-11.58,11.99,94.54,31.90,69.00
1,20-160,116,1,forward,135,170,87,0,18936,40,-1.00,87.00,1,-1.000,-1.00,-1.00,-10.68,10.68,85.68,31.90,69.00
1,20-160,117,1,forward,136,170,85,0,19696,40,-1.00,85.00,1,-1.000,-1.00,-1.00,-10.62,10.25,83.71,31.90,69.00
1,20-160,118,1,forward,137,170,85,0,19688,40,-1.00,85.00,1,-1.000,-1.00,-1.00,-10.79,10.07,83.71,31.90,69.00
1,20-160,119,1,forward,138,170,86,0,19088,40,-1.00,86.00,1,-1.000,-1.00,-1.00,-11.10,9.99,84.69,31.90,69.00
1,20-160,120,1,forward,139,170,90,0,18984,48,-1.00,90.00,1,-1.000,-1.00,-1.00,-11.79,10.25,88.63,31.90,69.00
1,20-160,121,1,forward,140,170,81,0,19128,32,-1.00,81.00,1,-1.000,-1.00,-1.00,-10.77,9.04,79.77,31.90,69.00
1,20-160,122,1,forward,141,170,83,0,19032,40,-1.00,83.00,1,-1.000,-1.00,-1.00,-11.20,9.07,81.74,31.90,69.00
1,20-160,123,1,forward,142,170,76,0,18952,32,-1.00,76.00,1,-1.000,-1.00,-1.00,-10.40,8.13,74.85,31.90,69.00
1,20-160,124,1,forward,143,170,82,0,19144,24,-1.00,82.00,1,-1.000,-1.00,-1.00,-11.37,8.57,80.75,31.90,69.00
1,20-160,125,1,forward,144,170,74,0,19496,32,-1.00,74.00,1,-1.000,-1.00,-1.00,-10.40,7.55,72.88,31.90,69.00
1,20-160,126,1,forward,145,170,77,0,19088,40,-1.00,77.00,1,-1.000,-1.00,-1.00,-10.95,7.67,75.83,31.90,69.00
1,20-160,127,1,forward,146,170,64,0,18608,8,-1.00,64.00,1,-1.000,-1.00,-1.00,-9.21,6.21,63.03,31.90,69.00
1,20-160,128,1,forward,147,170,58,0,19584,16,-1.00,58.00,1,-1.000,-1.00,-1.00,-8.45,5.49,57.12,31.90,69.00
1,20-160,129,1,forward,148,170,59,0,20104,8,-1.00,59.00,1,-1.000,-1.00,-1.00,-8.69,5.43,58.10,31.90,69.00
1,20-160,130,1,forward,149,170,71,0,10712,32,-1.00,71.00,1,-1.000,-1.00,-1.00,-10.57,6.35,69.92,31.90,69.00
1,20-160,131,1,forward,150,170,78,0,10240,24,-1.00,78.00,1,-1.000,-1.00,-1.00,-11.73,6.77,76.82,31.90,69.00
1,20-160,132,1,forward,151,170,72,0,10344,24,-1.00,72.00,1,-1.000,-1.00,-1.00,-10.94,6.06,70.91,31.90,69.00
1,20-160,133,1,forward,152,170,75,0,10512,32,-1.00,75.00,1,-1.000,-1.00,-1.00,-11.50,6.11,73.86,31.90,69.00
1,20-160,134,1,forward,153,170,60,0,10096,16,-1.00,60.00,1,-1.000,-1.00,-1.00,-9.28,4.73,59.09,31.90,69.00
1,20-160,135,1,forward,154,170,74,0,9936,32,-1.00,74.00,1,-1.000,-1.00,-1.00,-11.55,5.63,72.88,31.90,69.00
1,20-160,136,1,forward,155,170,75,0,21208,16,-1.00,75.00,1,-1.000,-1.00,-1.00,-11.80,5.50,73.86,31.90,69.00
1,20-160,137,1,forward,156,170,54,0,19536,16,-1.00,54.00,1,-1.000,-1.00,-1.00,-8.57,3.81,53.18,31.90,69.00
1,20-160,138,1,forward,157,170,61,0,9536,24,-1.00,61.00,1,-1.000,-1.00,-1.00,-9.75,4.14,60.07,31.90,69.00
1,20-160,139,1,forward,158,170,77,0,20240,8,-1.00,77.00,1,-1.000,-1.00,-1.00,-12.40,5.01,75.83,31.90,69.00
1,20-160,140,1,forward,159,170,55,0,19336,24,-1.00,55.00,1,-1.000,-1.00,-1.00,-8.92,3.42,54.16,31.90,69.00
1,20-160,141,1,forward,160,170,59,0,19224,16,-1.00,59.00,1,-1.000,-1.00,-1.00,-9.63,3.50,58.10,31.90,69.00
1,20-160,142,1,backward,160,165,59,0,18560,16,-1.00,59.00,1,-1.000,-1.00,-1.00,-14.35,5.22,56.99,31.70,69.00
1,20-160,143,1,backward,159,165,61,0,19176,8,-1.00,61.00,1,-1.000,-1.00,-1.00,-14.74,5.66,58.92,31.70,69.00
1,20-160,144,1,backward,158,165,77,0,20384,24,-1.00,77.00,1,-1.000,-1.00,-1.00,-18.48,7.47,74.38,31.70,69.00
1,20-160,145,1,backward,157,165,74,0,20448,40,-1.00,74.00,1,-1.000,-1.00,-1.00,-17.63,7.48,71.48,31.70,69.00
1,20-160,146,1,backward,156,165,89,0,20336,48,-1.00,89.00,1,-1.000,-1.00,-1.00,-21.04,9.37,85.97,31.70,69.00
1,20-160,147,1,backward,155,165,87,0,19832,40,-1.00,87.00,1,-1.000,-1.00,-1.00,-20.41,9.52,84.04,31.70,69.00
1,20-160,148,1,backward,154,165,85,0,18912,40,-1.00,85.00,1,-1.000,-1.00,-1.00,-19.77,9.64,82.10,31.70,69.00
1,20-160,149,1,backward,153,165,88,0,18856,40,-1.00,88.00,1,-1.000,-1.00,-1.00,-20.29,10.34,85.00,31.70,69.00
1,20-160,150,1,backward,152,165,101,0,19296,48,-1.00,101.00,1,-1.000,-1.00,-1.00,-23.08,12.27,97.56,31.70,69.00
1,20-160,151,1,backward,151,165,96,0,19560,40,-1.00,96.00,1,-1.000,-1.00,-1.00,-21.73,12.05,92.73,31.70,69.00
1,20-160,152,1,backward,150,165,97,0,19544,40,-1.00,97.00,1,-1.000,-1.00,-1.00,-21.74,12.55,93.69,31.70,69.00
1,20-160,153,1,backward,149,165,97,0,19744,32,-1.00,97.00,1,-1.000,-1.00,-1.00,-21.52,12.93,93.69,31.70,69.00
1,20-160,154,1,backward,148,165,95,0,20176,32,-1.00,95.00,1,-1.000,-1.00,-1.00,-20.85,13.03,91.76,31.70,69.00
ets Jul 29 2019 12:21:46
rst:0x1 (POWERON_RESET),boot:0x17 (SPI_FAST_FLASH_BOOT)
configsip: 0, SPIWP:0xee
clk_drv:0x00,q_drv:0x00,d_drv:0x00,cs0_drv:0x00,hd_drv:0x00,wp_drv:0x00
mode:DIO, clock div:2
load:0x3fff0030,len:1184
load:0x40078000,len:13232
load:0x40080400,len:3028
entry 0x400805e4
E (3043) gpio: gpio_set_level(227): GPIO output gpio_num error
E (3054) gpio: gpio_set_level(227): GPIO output gpio_num error
INA219 FAILED! Continuing without power logging.
--- SYSTEM READY ---
Send a condition label via Serial to start a scan...
